SET FOREIGN_KEY_CHECKS=0;
SET SQL_MODE = "NO_AUTO_VALUE_ON_ZERO";
START TRANSACTION;
SET time_zone = "+00:00";

/*!40101 SET @OLD_CHARACTER_SET_CLIENT=@@CHARACTER_SET_CLIENT */;
/*!40101 SET @OLD_CHARACTER_SET_RESULTS=@@CHARACTER_SET_RESULTS */;
/*!40101 SET @OLD_COLLATION_CONNECTION=@@COLLATION_CONNECTION */;
/*!40101 SET NAMES utf8mb4 */;


CREATE TABLE `album` (
  `albumID` int(11) NOT NULL,
  `title` varchar(255) DEFAULT NULL,
  `imageName` varchar(255) DEFAULT NULL,
  `length` int(11) DEFAULT NULL,
  `duration` time DEFAULT NULL
) ENGINE=InnoDB DEFAULT CHARSET=utf8mb4 COLLATE=utf8mb4_general_ci;

INSERT INTO `album` (`albumID`, `title`, `imageName`, `length`, `duration`) VALUES
(92835012, 'Loose Dirt', '685d64aedb267.jpg', 8, '00:31:38'),
(139453109, 'Reincarnation', '685d627de1391.jpg', 8, '00:27:26'),
(215830927, 'BABYMETAL', '686535d0bfc46.jpg', 15, '01:06:00'),
(239172513, 'BIG PHARMA', '685c30ed89d78.jpg', 9, '00:18:01'),
(290628771, 'Darkbloom', '685c2cf8f152d.jpg', 10, '00:36:46'),
(602358090, 'Fake Everything', '685c2b6d81e74.jpg', 6, '00:19:04'),
(863946818, 'TEKKNO', '68666c56b5ef2.jpg', 10, '00:30:34'),
(1008888404, 'Sempiternal (Expanded Edition)', '686666c59beef.jpg', 13, '00:53:44'),
(1266493014, 'Remade In Misery', '685d605923d8a.jpg', 11, '00:37:37'),
(1351613566, 'Breaking Down (Deluxe)', '68666e5be2c26.jpg', 11, '00:37:08'),
(1362703072, 'POST HUMAN: SURVIVAL HORROR', '6866637dd292f.jpg', 9, '00:32:12'),
(1521527780, 'Zeitgeist', '685ec3f481856.jpg', 15, '01:02:04'),
(1560083495, 'Shapeshifter', '685d5e602cb37.jpg', 10, '00:30:11'),
(1575875957, 'Void Walker', '685ed6ccce5de.jpg', 13, '01:10:19');

CREATE TABLE `artist` (
  `artistID` int(11) NOT NULL,
  `name` varchar(255) NOT NULL,
  `imageName` varchar(255) DEFAULT NULL,
  `activeSince` date DEFAULT NULL,
  `userID` int(11) DEFAULT NULL
) ENGINE=InnoDB DEFAULT CHARSET=utf8mb4 COLLATE=utf8mb4_general_ci;

INSERT INTO `artist` (`artistID`, `name`, `imageName`, `activeSince`, `userID`) VALUES
(22526499, 'Kingpin Skinny Pimp', '685bf1935a212.jfif', '2007-01-05', 1917040665),
(37778538, 'BABYMETAL', '68652f88196b0.jpg', '2010-11-28', 2021943523),
(54493144, 'Metrik', '685eb6c7716b9.jpg', '2010-04-18', 1266607609),
(269327111, 'ENMY', '685bf26c4d9f6.webp', '2019-05-27', 1377223767),
(281285367, 'Amy Lee', '6866617758120.jpg', '2015-06-17', 1806318134),
(296541379, 'Pharmacist', '685bf0acc68f6.jfif', '2021-07-21', 1553281647),
(354172831, 'Bring Me The Horizon', '685bf14a7b905.jpg', '2004-01-01', 1499462201),
(413070571, 'Herman Li', '6865325d15688.jpg', '1993-01-01', 935643534),
(600975371, 'KXLLYXU', '685bf2df37f11.jfif', '2021-08-26', 1994596577),
(644836764, 'Olya Holiday', '685c298e99445.jpg', '2022-07-15', 1095847301),
(647897290, 'Conquer Divide', '686667e87c8c2.jpg', '2013-05-26', 813854520),
(679487021, 'Klaypex', '685bf31dc170b.webp', '2011-05-06', 452377540),
(684008946, 'YUNGBLUD', '6866614cabdad.jpg', '2016-04-07', 1579512663),
(766157380, 'akiaura', '685c280485b20.webp', '2017-02-22', 1826670471),
(862942983, 'FiNCH', '686667b89989b.jpg', '2014-03-16', 1156511436),
(892231412, 'Caleb Shomo', '685bf02ceedec.jpg', '2008-09-11', 164085589),
(1083973325, 'Blindside', '685bf24c6bb2b.jpg', '1994-01-01', 1354920019),
(1093140396, 'Lemaitre', '685eb74b087cb.jpg', '2010-08-11', 1462147905),
(1148326265, 'LONOWN', '685bf0915819a.jfif', '2022-11-05', 1755109461),
(1163829506, 'Zero 9:36', '685bf067bb733.webp', '2019-09-27', 779155170),
(1181388884, 'Memphis May Fire', '685bf1fed291f.jpg', '2006-12-01', 2026845397),
(1298104848, 'Baby Jane', '685c28c21cbeb.jpg', '2019-04-15', 1564642731),
(1329829644, 'Sam Totman', '686532862f906.jpg', '1992-01-01', 1548884671),
(1361634559, 'DJ Pointless', '685c2936472a7.jpg', '2024-02-16', 1759447542),
(1405757356, 'Camo & Krooked', '685eb69290f27.jpg', '2009-01-20', 1619437606),
(1452958375, 'Apoc Crisis', '', '1970-01-01', 196994981),
(1545421902, 'Electric Callboy', '685bf20e2c072.jpg', '2010-09-03', 1526269191),
(1675564564, 'Ian Shaw', '685eb6fde9715.jpg', '1995-01-01', 969485237),
(1696148028, 'GHOST DATA', '685bf2a9166aa.png', '2012-12-20', 1736983402),
(1765669418, 'Nova Twins', '68666207f1046.jpeg', '2014-11-21', 1073257615),
(1822918017, '$werve', '685bf0e273dfd.jfif', '2021-02-27', 621945341),
(1868345578, 'AJ Channer', '685bf299db2cc.jpg', '2014-01-01', 1653533046),
(1873547868, 'Ghostface Playa', '685bf1614feb4.jfif', '2015-04-20', 1103097431),
(1910588588, 'We Came As Romans', '685beff8efa23.jpg', '2005-08-01', 1143029010),
(1917419591, 'Altruist', '', '1970-01-01', 330813407),
(1925741788, 'Towa', '685bf1cc2bfc7.jfif', '2016-11-14', 1271926637);

CREATE TABLE `in_album` (
  `songID` int(11) NOT NULL,
  `albumId` int(11) NOT NULL,
  `songIndex` int(11) DEFAULT NULL
) ENGINE=InnoDB DEFAULT CHARSET=utf8mb4 COLLATE=utf8mb4_general_ci;

INSERT INTO `in_album` (`songID`, `albumId`, `songIndex`) VALUES
(59804452, 1351613566, 9),
(130879370, 1575875957, 10),
(143861200, 239172513, 3),
(166973536, 1351613566, 4),
(170590722, 139453109, 6),
(186210868, 92835012, 0),
(270789098, 215830927, 13),
(277064629, 290628771, 5),
(277195960, 1351613566, 8),
(307738973, 215830927, 10),
(313528847, 92835012, 7),
(317155247, 1351613566, 10),
(322398219, 215830927, 6),
(323025823, 1008888404, 0),
(326449430, 1575875957, 7),
(333597308, 139453109, 2),
(343435405, 1560083495, 0),
(362401835, 1521527780, 1),
(363709605, 1362703072, 2),
(376077581, 1521527780, 4),
(376396691, 1008888404, 8),
(387122079, 1521527780, 6),
(387376711, 215830927, 1),
(391682578, 1560083495, 6),
(402564235, 290628771, 1),
(416885738, 863946818, 2),
(429464989, 1521527780, 5),
(455092328, 290628771, 3),
(459669696, 239172513, 7),
(461286829, 1351613566, 2),
(496153146, 1008888404, 5),
(500279765, 215830927, 7),
(555718045, 215830927, 14),
(565624535, 290628771, 9),
(570892851, 1362703072, 4),
(571401274, 1575875957, 5),
(607214217, 92835012, 5),
(622871191, 1266493014, 10),
(693947335, 290628771, 7),
(700445396, 1008888404, 11),
(733728564, 1521527780, 3),
(737948159, 1560083495, 3),
(769597287, 1266493014, 7),
(799821297, 1351613566, 0),
(800276647, 863946818, 7),
(800419191, 92835012, 6),
(854393293, 139453109, 0),
(880536876, 1266493014, 5),
(884277988, 863946818, 3),
(887258894, 290628771, 8),
(891084058, 1266493014, 8),
(898235160, 215830927, 4),
(901459001, 1575875957, 1),
(902727990, 239172513, 0),
(907487652, 239172513, 2),
(909548492, 215830927, 5),
(933991387, 290628771, 6),
(939491373, 290628771, 0),
(942007767, 863946818, 0),
(944906861, 1521527780, 2),
(972179044, 1008888404, 4),
(979232136, 1008888404, 2),
(984839407, 139453109, 5),
(985962342, 1008888404, 3),
(992536143, 1575875957, 3),
(992808309, 215830927, 0),
(1021316266, 92835012, 4),
(1028053124, 1521527780, 0),
(1092895489, 139453109, 1),
(1096976197, 863946818, 4),
(1101500437, 1266493014, 9),
(1126600836, 92835012, 3),
(1136507157, 1008888404, 10),
(1140641761, 1008888404, 12),
(1149322401, 239172513, 6),
(1153432295, 863946818, 5),
(1172692568, 1560083495, 8),
(1176092758, 1266493014, 1),
(1192162192, 1266493014, 4),
(1194449208, 139453109, 3),
(1205843260, 1521527780, 7),
(1206865637, 1266493014, 0),
(1209640170, 602358090, 1),
(1237020352, 602358090, 3),
(1284487979, 1008888404, 9),
(1293605542, 1008888404, 6),
(1308631468, 1351613566, 7),
(1311226165, 1266493014, 3),
(1346040524, 1560083495, 9),
(1355859407, 863946818, 9),
(1360646325, 863946818, 1),
(1365302465, 863946818, 8),
(1393629046, 1362703072, 3),
(1403113681, 1521527780, 10),
(1410832718, 215830927, 12),
(1425146279, 92835012, 1),
(1427712239, 1362703072, 1),
(1427933446, 139453109, 7),
(1459535918, 1521527780, 9),
(1468396604, 1575875957, 0),
(1469907326, 239172513, 4),
(1474962281, 215830927, 11),
(1489648141, 602358090, 2),
(1513957663, 239172513, 8),
(1516375820, 1575875957, 6),
(1530652750, 1560083495, 5),
(1550737992, 602358090, 5),
(1566994561, 92835012, 2),
(1629602062, 1575875957, 11),
(1643456458, 1351613566, 3),
(1651657533, 1362703072, 8),
(1668883695, 215830927, 3),
(1671382205, 290628771, 4),
(1698476567, 1521527780, 11),
(1702152381, 1521527780, 14),
(1718631442, 602358090, 4),
(1725401665, 1575875957, 12),
(1744339559, 1575875957, 4),
(1748685410, 1008888404, 7),
(1760821630, 1266493014, 6),
(1766624591, 1266493014, 2),
(1772057302, 1521527780, 8),
(1774854816, 1351613566, 1),
(1787421645, 1575875957, 9),
(1803927411, 239172513, 5),
(1812405444, 1351613566, 6),
(1834728284, 290628771, 2),
(1868380483, 1362703072, 5),
(1873777352, 1362703072, 7),
(1876663028, 1362703072, 0),
(1902896246, 1575875957, 2),
(1909229744, 215830927, 2),
(1915135781, 1560083495, 2),
(1967971019, 215830927, 8),
(1974027430, 1521527780, 13),
(1975205658, 1521527780, 12),
(2000247808, 602358090, 0),
(2012269410, 1560083495, 4),
(2044472566, 1351613566, 5),
(2048863377, 1362703072, 6),
(2071909473, 1560083495, 7),
(2088589424, 1008888404, 1),
(2096802662, 139453109, 4),
(2099263854, 239172513, 1),
(2099797338, 215830927, 9),
(2101949830, 1560083495, 1),
(2120879114, 1575875957, 8),
(2136636596, 863946818, 6);

CREATE TABLE `in_playlist` (
  `songID` int(11) NOT NULL,
  `playlistID` int(11) NOT NULL,
  `songIndex` int(11) DEFAULT NULL
) ENGINE=InnoDB DEFAULT CHARSET=utf8mb4 COLLATE=utf8mb4_general_ci;

CREATE TABLE `playlist` (
  `playlistID` int(11) NOT NULL,
  `imageName` varchar(255) DEFAULT NULL,
  `name` varchar(255) DEFAULT NULL,
  `length` int(11) DEFAULT NULL,
  `duration` time DEFAULT NULL,
  `creatorID` int(11) DEFAULT NULL
) ENGINE=InnoDB DEFAULT CHARSET=utf8mb4 COLLATE=utf8mb4_general_ci;

CREATE TABLE `releases_album` (
  `artistID` int(11) NOT NULL,
  `albumID` int(11) NOT NULL
) ENGINE=InnoDB DEFAULT CHARSET=utf8mb4 COLLATE=utf8mb4_general_ci;

INSERT INTO `releases_album` (`artistID`, `albumID`) VALUES
(37778538, 215830927),
(269327111, 1351613566),
(296541379, 239172513),
(354172831, 1008888404),
(354172831, 1362703072),
(600975371, 139453109),
(679487021, 92835012),
(766157380, 602358090),
(1148326265, 602358090),
(1181388884, 1266493014),
(1181388884, 1560083495),
(1405757356, 1521527780),
(1545421902, 863946818),
(1696148028, 1575875957),
(1910588588, 290628771);

CREATE TABLE `releases_song` (
  `artistID` int(11) NOT NULL,
  `songID` int(11) NOT NULL,
  `artistIndex` int(11) DEFAULT 0
) ENGINE=InnoDB DEFAULT CHARSET=utf8mb4 COLLATE=utf8mb4_general_ci;

INSERT INTO `releases_song` (`artistID`, `songID`, `artistIndex`) VALUES
(22526499, 143861200, 2),
(37778538, 270789098, 0),
(37778538, 307738973, 0),
(37778538, 322398219, 0),
(37778538, 387376711, 0),
(37778538, 500279765, 0),
(37778538, 555718045, 0),
(37778538, 898235160, 0),
(37778538, 909548492, 0),
(37778538, 992808309, 0),
(37778538, 1410832718, 0),
(37778538, 1474962281, 0),
(37778538, 1668883695, 0),
(37778538, 1868380483, 1),
(37778538, 1909229744, 0),
(37778538, 1967971019, 0),
(37778538, 2099797338, 0),
(54493144, 429464989, 0),
(269327111, 59804452, 0),
(269327111, 166973536, 0),
(269327111, 277195960, 0),
(269327111, 317155247, 0),
(269327111, 461286829, 0),
(269327111, 799821297, 0),
(269327111, 1308631468, 0),
(269327111, 1643456458, 0),
(269327111, 1774854816, 0),
(269327111, 1812405444, 0),
(269327111, 2044472566, 0),
(281285367, 1651657533, 1),
(296541379, 143861200, 0),
(296541379, 459669696, 0),
(296541379, 902727990, 0),
(296541379, 907487652, 0),
(296541379, 1149322401, 0),
(296541379, 1469907326, 0),
(296541379, 1513957663, 0),
(296541379, 1803927411, 0),
(296541379, 2099263854, 0),
(354172831, 323025823, 0),
(354172831, 363709605, 0),
(354172831, 376396691, 0),
(354172831, 496153146, 0),
(354172831, 570892851, 0),
(354172831, 700445396, 0),
(354172831, 972179044, 0),
(354172831, 979232136, 0),
(354172831, 985962342, 0),
(354172831, 1136507157, 0),
(354172831, 1140641761, 0),
(354172831, 1284487979, 0),
(354172831, 1293605542, 0),
(354172831, 1393629046, 0),
(354172831, 1427712239, 0),
(354172831, 1651657533, 0),
(354172831, 1748685410, 0),
(354172831, 1868380483, 0),
(354172831, 1873777352, 0),
(354172831, 1876663028, 0),
(354172831, 2048863377, 0),
(354172831, 2088589424, 0),
(413070571, 270789098, 1),
(600975371, 170590722, 0),
(600975371, 333597308, 0),
(600975371, 854393293, 0),
(600975371, 984839407, 0),
(600975371, 1092895489, 0),
(600975371, 1194449208, 0),
(600975371, 1427933446, 0),
(600975371, 2096802662, 0),
(644836764, 1550737992, 2),
(644836764, 1718631442, 2),
(647897290, 416885738, 1),
(679487021, 186210868, 0),
(679487021, 313528847, 0),
(679487021, 607214217, 0),
(679487021, 800419191, 0),
(679487021, 1021316266, 0),
(679487021, 1126600836, 0),
(679487021, 1425146279, 0),
(679487021, 1566994561, 0),
(684008946, 1393629046, 1),
(766157380, 1209640170, 0),
(766157380, 1237020352, 0),
(766157380, 1489648141, 0),
(766157380, 1550737992, 0),
(766157380, 1718631442, 0),
(766157380, 2000247808, 0),
(862942983, 884277988, 1),
(892231412, 1834728284, 1),
(1083973325, 1915135781, 0),
(1093140396, 1974027430, 0),
(1148326265, 1209640170, 1),
(1148326265, 1237020352, 1),
(1148326265, 1489648141, 1),
(1148326265, 1550737992, 1),
(1148326265, 1718631442, 1),
(1148326265, 2000247808, 0),
(1163829506, 455092328, 1),
(1181388884, 343435405, 0),
(1181388884, 391682578, 0),
(1181388884, 622871191, 0),
(1181388884, 737948159, 0),
(1181388884, 769597287, 0),
(1181388884, 880536876, 0),
(1181388884, 891084058, 0),
(1181388884, 1101500437, 0),
(1181388884, 1172692568, 0),
(1181388884, 1176092758, 0),
(1181388884, 1192162192, 0),
(1181388884, 1206865637, 0),
(1181388884, 1311226165, 0),
(1181388884, 1346040524, 0),
(1181388884, 1530652750, 0),
(1181388884, 1760821630, 0),
(1181388884, 1766624591, 0),
(1181388884, 1915135781, 0),
(1181388884, 2012269410, 0),
(1181388884, 2071909473, 0),
(1181388884, 2101949830, 0),
(1298104848, 2000247808, 0),
(1329829644, 270789098, 2),
(1361634559, 1237020352, 2),
(1405757356, 362401835, 0),
(1405757356, 376077581, 0),
(1405757356, 387122079, 0),
(1405757356, 429464989, 0),
(1405757356, 733728564, 0),
(1405757356, 944906861, 0),
(1405757356, 1028053124, 0),
(1405757356, 1205843260, 0),
(1405757356, 1403113681, 0),
(1405757356, 1459535918, 0),
(1405757356, 1698476567, 0),
(1405757356, 1702152381, 0),
(1405757356, 1772057302, 0),
(1405757356, 1974027430, 0),
(1405757356, 1975205658, 0),
(1452958375, 1149322401, 2),
(1452958375, 1803927411, 0),
(1545421902, 416885738, 0),
(1545421902, 800276647, 0),
(1545421902, 884277988, 0),
(1545421902, 942007767, 0),
(1545421902, 1096976197, 0),
(1545421902, 1153432295, 0),
(1545421902, 1355859407, 0),
(1545421902, 1360646325, 0),
(1545421902, 1365302465, 0),
(1545421902, 2136636596, 0),
(1675564564, 944906861, 1),
(1696148028, 130879370, 0),
(1696148028, 326449430, 0),
(1696148028, 571401274, 0),
(1696148028, 901459001, 0),
(1696148028, 992536143, 0),
(1696148028, 1468396604, 0),
(1696148028, 1516375820, 0),
(1696148028, 1629602062, 0),
(1696148028, 1725401665, 0),
(1696148028, 1744339559, 0),
(1696148028, 1787421645, 0),
(1696148028, 1902896246, 0),
(1696148028, 2120879114, 0),
(1765669418, 2048863377, 1),
(1822918017, 1149322401, 1),
(1868345578, 1101500437, 1),
(1873547868, 143861200, 1),
(1910588588, 277064629, 0),
(1910588588, 402564235, 0),
(1910588588, 455092328, 0),
(1910588588, 565624535, 0),
(1910588588, 693947335, 0),
(1910588588, 887258894, 0),
(1910588588, 933991387, 0),
(1910588588, 939491373, 0),
(1910588588, 1671382205, 0),
(1910588588, 1834728284, 0),
(1917419591, 992536143, 1),
(1925741788, 1469907326, 0);

CREATE TABLE `song` (
  `songID` int(11) NOT NULL,
  `title` varchar(255) NOT NULL,
  `genre` varchar(255) DEFAULT NULL,
  `releaseDate` date DEFAULT NULL,
  `imageName` varchar(255) DEFAULT NULL,
  `songLength` time DEFAULT NULL,
  `fileName` varchar(255) DEFAULT NULL
) ENGINE=InnoDB DEFAULT CHARSET=utf8mb4 COLLATE=utf8mb4_general_ci;

INSERT INTO `song` (`songID`, `title`, `genre`, `releaseDate`, `imageName`, `songLength`, `fileName`) VALUES
(59804452, 'Novocaine', 'Metalcore', '2024-02-20', '68666dec08903.jpg', '00:02:59', '68666dec08b0c.mp3'),
(130879370, 'Textlog Ritual', 'Dance, Electronic', '2019-01-01', '685ed5261fb38.jpg', '00:07:23', '685ed5261fd3c.mp3'),
(143861200, 'BULLETS', 'Memphis Rap', '2025-04-25', 'folder_1750872202.jpg', '00:01:38', 'Pharmacist, Ghostface Playa, Kingpin Skinny Pimp - BULLETS_1750872202.mp3'),
(166973536, 'Clarity', 'Metalcore', '2024-02-20', '68666d1bceb6c.jpg', '00:02:49', '68666d1bced68.mp3'),
(170590722, 'Butchering', 'Memphis Rap', '2021-03-01', '685d61772bbd1.jpg', '00:02:51', '685d61772beba.mp3'),
(186210868, 'Lights', 'Dubstep', '2011-08-08', '685d6438b5a70.jpg', '00:04:08', '685d6438b5c44.mp3'),
(270789098, 'Road of Resistance', 'Kawaii Metalcore', '2015-05-29', '6865346436be4.jpg', '00:05:17', '6865346436ec0.mp3'),
(277064629, 'One More Day', 'Metalcore', '2022-10-14', 'folder_1750856805.jpg', '00:04:28', 'We Came As Romans - One More Day_1750856805.mp3'),
(277195960, 'Breaking Down', 'Metalcore', '2024-02-20', '68666cee6761e.jpg', '00:03:38', '68666cee67849.mp3'),
(307738973, 'Rondo of Nightmare', 'Kawaii Metalcore', '2015-05-29', '686533cb378db.jpg', '00:03:37', '686533cb37acf.mp3'),
(313528847, 'DUBSTEP GUNS (Bonus Track)', 'Dubstep', '2011-08-08', '685d63b825d54.jpg', '00:02:32', '685d63b825f3a.mp3'),
(317155247, 'Never Healing - Cinematic Mix', 'Metalcore', '2024-02-20', '68666dd9a6000.jpg', '00:04:03', '68666dd9a61cb.mp3'),
(322398219, 'Onedari Daisakusen', 'Kawaii Metalcore', '2015-05-29', '6865335b7c517.jpg', '00:03:18', '6865335b7c73e.mp3'),
(323025823, 'Can You Feel My Heart', 'Metalcore', '2013-04-01', '686664a4be3c9.jpg', '00:03:48', '686664a4be5be.mp3'),
(326449430, 'Become God', 'Dance, Electronic', '2019-01-01', '685ed4d6a8380.jpg', '00:04:43', '685ed4d6a867d.mp3'),
(333597308, 'Night Growling', 'Memphis Rap', '2021-03-01', '685d61db121be.jpg', '00:03:21', '685d61db124bc.mp3'),
(343435405, 'Chaotic', 'Metalcore', '2025-03-28', '685d5d18a3d91.jpg', '00:02:52', 'Memphis May Fire - Chaotic_1750949144.mp3'),
(362401835, 'All Night', 'Dance, Electronic', '2013-09-30', '685ec175e2b1a.jpg', '00:04:31', '685ec175e2d3f.mp3'),
(363709605, 'Teardrops', 'Metalcore', '2020-10-30', '686662928a466.jpg', '00:03:35', '686662928a628.mp3'),
(376077581, 'Rock Paper Scissors', 'Dance, Electronic', '2013-09-30', '685ec1cdcf185.jpg', '00:03:38', '685ec1cdcf3dd.mp3'),
(376396691, 'Antivist', 'Metalcore', '2013-04-01', '6866648ceaccc.jpg', '00:03:14', '6866648ceae7c.mp3'),
(387122079, 'Aurora', 'Dance, Electronic', '2013-09-30', '685ec200ca5a3.jpg', '00:04:23', '685ec200ca82c.mp3'),
(387376711, 'Megitsune', 'Kawaii Metalcore', '2015-05-29', '686532d01858e.jpg', '00:04:09', '686532d01877c.mp3'),
(391682578, 'The Other Side', 'Metalcore', '2025-03-28', '685d5dca306f2.jpg', '00:03:46', 'Memphis May Fire - The Other Side_1750949322.mp3'),
(402564235, 'Plagued', 'Metalcore', '2022-10-14', 'folder_1750856828.jpg', '00:03:30', 'We Came As Romans - Plagued_1750856828.mp3'),
(416885738, 'Fuckboi', 'Metalcore', '2022-09-16', '68666bc8ef489.jpg', '00:02:44', '68666bc8ef6c5.mp3'),
(429464989, 'Journey Through Sound', 'Dance, Electronic', '2013-09-30', '685ec1ed4efeb.jpg', '00:03:41', '685ec1ed4f2ca.mp3'),
(455092328, 'Daggers', 'Metalcore', '2022-10-14', 'folder_1750871115.jpg', '00:03:14', 'We Came As Romans, Zero 936 - Daggers_1750871115.mp3'),
(459669696, 'CRIME RATE', 'Memphis Rap', '2025-04-25', 'folder_1750871941.jpg', '00:01:47', 'Pharmacist - CRIME RATE_1750871941.mp3'),
(461286829, 'Deceiver', 'Metalcore', '2024-02-20', '68666d683d727.jpg', '00:03:28', '68666d683d965.mp3'),
(496153146, 'Shadow Moses', 'Metalcore', '2013-04-01', '6866657b0fcf5.jpg', '00:04:03', '6866657b0fee7.mp3'),
(500279765, 'Song 4', 'Kawaii Metalcore', '2015-05-29', '68653371788b0.jpg', '00:04:05', '6865337178a6c.mp3'),
(555718045, 'Gimme Chocolate!! - Bonus Track - Live at O2 Academy Brixton, London', 'Kawaii Metalcore', '2015-05-29', '6865348a8b7f4.jpg', '00:05:05', '6865348a8ba02.mp3'),
(565624535, 'Promise You', 'Metalcore', '2022-10-14', 'folder_1750856859.jpg', '00:03:48', 'We Came As Romans - Promise You_1750856859.mp3'),
(570892851, 'Itch For The Cure (When Will We Be Free)', 'Metalcore', '2020-10-30', '686660306cab3.jpg', '00:01:26', '686660306cd15.mp3'),
(571401274, 'Full Bodied', 'Dance, Electronic', '2019-01-01', '685ed49cec13b.jpg', '00:04:09', '685ed49cec305.mp3'),
(607214217, 'Chinter\'s Will (feat. Sara Kay)', 'Dubstep', '2011-08-08', '685d63966eeaa.jpg', '00:04:12', '685d63966f122.mp3'),
(622871191, 'The Fight Within', 'Metalcore', '2022-06-03', '685d600078337.jpg', '00:03:54', '011 - The Fight Within_1750949888.mp3'),
(693947335, 'The Anchor', 'Metalcore', '2022-10-14', 'folder_1750871033.jpg', '00:03:35', 'We Came As Romans - The Anchor_1750871033.mp3'),
(700445396, 'Join the Club', 'Metalcore', '2013-04-01', '686665499aa90.jpg', '00:03:06', '686665499ac94.mp3'),
(733728564, 'Faith', 'Dance, Electronic', '2013-09-30', '685ec1b11c711.jpg', '00:04:53', '685ec1b11c97b.mp3'),
(737948159, 'Paralyzed', 'Metalcore', '2025-03-28', '685d5d9de08c0.jpg', '00:03:16', 'Memphis May Fire - Paralyzed_1750949277.mp3'),
(769597287, 'Misery', 'Metalcore', '2022-06-03', '685d5fb49b39e.jpg', '00:03:12', '008 - Misery_1750949812.mp3'),
(799821297, 'DAMN', 'Metalcore', '2024-02-20', '68666d2e0f107.jpg', '00:03:38', '68666d2e0f311.mp3'),
(800276647, 'Tekkno Train', 'Metalcore', '2022-09-16', '68666b86c21b5.jpg', '00:02:58', '68666b86c235c.mp3'),
(800419191, 'Hit Me', 'Dubstep', '2011-08-08', '685d640a2b6cd.jpg', '00:04:08', '685d640a2b8bf.mp3'),
(854393293, 'Glock Hoe', 'Memphis Rap', '2021-03-01', '685d61a8beed0.jpg', '00:03:36', '685d61a8bf11d.mp3'),
(880536876, 'Your Turn', 'Metalcore', '2022-06-03', '685d5f89b36c4.jpg', '00:03:21', '006 - Your Turn_1750949769.mp3'),
(884277988, 'Spaceman', 'Metalcore', '2022-09-16', '68666be719aaf.jpg', '00:03:10', '68666be719cc4.mp3'),
(887258894, 'Holding The Embers', 'Metalcore', '2022-10-14', 'folder_1750856765.jpg', '00:04:14', 'We Came As Romans - Holding The Embers_1750856765.mp3'),
(891084058, 'Left For Dead', 'Metalcore', '2022-06-03', '685d5fc5e7368.jpg', '00:03:06', '009 - Left For Dead_1750949829.mp3'),
(898235160, 'Akatsuki', 'Kawaii Metalcore', '2015-05-29', '686533195185e.jpg', '00:05:28', '6865331951a8b.mp3'),
(901459001, 'Inhuman', 'Dance, Electronic', '2019-01-01', '685ed0e42d51d.jpg', '00:04:49', '685ed0e42d74f.mp3'),
(902727990, 'LOVE2HATE', 'Memphis Rap', '2025-04-25', 'folder_1750871996.jpg', '00:02:02', 'Pharmacist - LOVE2HATE_1750871996.mp3'),
(907487652, 'WAKA FLOCKA', 'Memphis Rap', '2025-04-25', 'folder_1750872068.jpg', '00:02:07', 'Pharmacist - WAKA FLOCKA_1750872068.mp3'),
(909548492, 'Doki Doki ☆ Morning', 'Kawaii Metalcore', '2015-05-29', '6865333b9baf5.jpg', '00:03:46', '6865333b9bdae.mp3'),
(933991387, 'Doublespeak', 'Metalcore', '2022-10-14', 'folder_1750856695.jpg', '00:03:31', 'We Came As Romans - Doublespeak_1750856695.mp3'),
(939491373, 'Darkbloom', 'Metalcore', '2022-10-14', 'folder_1750856500.jpg', '00:03:48', 'We Came As Romans - Darkbloom_1750856500.mp3'),
(942007767, 'Pump It', 'Metalcore', '2022-09-16', '68666b6dd482a.jpg', '00:02:53', '68666b6dd4ae0.mp3'),
(944906861, 'Move Around', 'Dance, Electronic', '2013-09-30', '685ec19d1c58a.jpg', '00:04:33', '685ec19d1c77e.mp3'),
(972179044, 'Go to Hell, for Heaven\'s Sake', 'Metalcore', '2013-04-01', '686665176fe19.jpg', '00:04:03', '68666517700a6.mp3'),
(979232136, 'Empire (Let Them Sing)', 'Metalcore', '2013-04-01', '686664e84c843.jpg', '00:03:46', '686664e84ca46.mp3'),
(984839407, 'Takin Care Of', 'Memphis Rap', '2021-03-01', '685d6227e490b.jpg', '00:04:00', '685d6227e4ba0.mp3'),
(985962342, 'Sleepwalking', 'Metalcore', '2013-04-01', '6866662569a93.jpg', '00:03:50', '6866662569d34.mp3'),
(992536143, 'Arc Star', 'Dance, Electronic', '2019-01-01', '685ed46e78475.jpg', '00:03:52', '685ed46e78717.mp3'),
(992808309, 'BABYMETAL DEATH', 'Kawaii Metalcore', '2015-05-29', '686532b738b33.jpg', '00:05:49', '686532b738df2.mp3'),
(1021316266, 'Hey Hey', 'Dubstep', '2011-08-08', '685d63f0accb7.jpg', '00:03:19', '685d63f0ace94.mp3'),
(1028053124, 'Turn Back The Time', 'Dance, Electronic', '2013-09-30', '685ec15f56043.jpg', '00:03:01', '685ec15f562e1.mp3'),
(1092895489, 'Kill Yourself', 'Memphis Rap', '2021-03-01', '685d61c133227.jpg', '00:03:25', '685d61c133413.mp3'),
(1096976197, 'Mindreader', 'Metalcore', '2022-09-16', '68666aedb42f6.jpg', '00:03:45', '68666aedb44c0.mp3'),
(1101500437, 'Only Human', 'Metalcore', '2022-06-03', '685d5fe985396.jpg', '00:03:03', '010 - Only Human_1750949865.mp3'),
(1126600836, 'Let It Go (feat. KAFTYR)', 'Dubstep', '2011-08-08', '685d64284eb9f.jpg', '00:05:10', '685d64284f011.mp3'),
(1136507157, 'Hospital for Souls', 'Metalcore', '2013-04-01', '68666533a1f77.jpg', '00:06:46', '68666533a2199.mp3'),
(1140641761, 'Deathbeds', 'Metalcore', '2013-04-01', '686664cee3f82.jpg', '00:04:59', '686664cee419e.mp3'),
(1149322401, 'EVIL MEN', 'Memphis Rap', '2025-04-25', 'folder_1750872111.jpg', '00:02:13', 'Pharmacist, $werve, Apoc Krysis - EVIL MEN_1750872111.mp3'),
(1153432295, 'Arrow of Love', 'Metalcore', '2022-09-16', '686668258f020.jpg', '00:03:43', '686668258f2c5.mp3'),
(1172692568, 'Versus', 'Metalcore', '2025-03-28', '685d5de0e84ac.jpg', '00:01:40', 'Memphis May Fire - Versus_1750949344.mp3'),
(1176092758, 'Bleed Me Dry', 'Metalcore', '2022-06-03', '685d5f37054e7.jpg', '00:03:23', '002 - Bleed Me Dry_1750949687.mp3'),
(1192162192, 'The American Dream', 'Metalcore', '2022-06-03', '685d5f765442a.jpg', '00:03:31', '005 - The American Dream_1750949750.mp3'),
(1194449208, 'Paranoid Playas', 'Memphis Rap', '2021-03-01', '685d61f493758.jpg', '00:02:50', '685d61f493b03.mp3'),
(1205843260, 'Ruhepuls', 'Dance, Electronic', '2013-09-30', '685ec21c8b124.jpg', '00:04:24', '685ec21c8b3e3.mp3'),
(1206865637, 'Blood & Water', 'Metalcore', '2022-06-03', '685d5f215bc30.jpg', '00:03:51', '001 - Blood & Water_1750949665.mp3'),
(1209640170, 'Black n White', 'Electroclash', '1970-01-01', 'folder_1750870472.jpg', '00:02:58', 'akiaura, LONOWN - Black n White_1750870472.mp3'),
(1237020352, 'Firstclass Misery', 'Electroclash', '1970-01-01', 'folder_1750870574.jpg', '00:02:30', 'akiaura, LONOWN, DJ Pointless - Firstclass Misery_1750870574.mp3'),
(1284487979, 'Crooked Young', 'Metalcore', '2013-04-01', '686664bc684fc.jpg', '00:03:35', '686664bc68704.mp3'),
(1293605542, 'And the Snakes Start to Sing', 'Metalcore', '2013-04-01', '68666475429f1.jpg', '00:05:02', '6866647542ca5.mp3'),
(1308631468, 'Lost', 'Metalcore', '2024-02-20', '68666d90ba041.jpg', '00:03:52', '68666d90ba245.mp3'),
(1311226165, 'Death Inside', 'Metalcore', '2022-06-03', '685d5f63380dd.jpg', '00:03:07', '004 - Death Inside_1750949731.mp3'),
(1346040524, 'Love Is War', 'Metalcore', '2025-03-28', '685d5d700d2fe.jpg', '00:03:41', 'Memphis May Fire - Love Is War_1750949232.mp3'),
(1355859407, 'Neon', 'Metalcore', '2022-09-16', '68666b4091faf.jpg', '00:03:12', '68666b40921f9.mp3'),
(1360646325, 'We Got the Moves', 'Metalcore', '2022-09-16', '68666ba1f1707.jpg', '00:03:27', '68666ba1f18c2.mp3'),
(1365302465, 'Hurrikan', 'Metalcore', '2022-09-16', '6866684a716e4.jpg', '00:01:39', '6866684a718f3.mp3'),
(1393629046, 'Obey', 'Metalcore', '2020-10-30', '6866630ef08d4.jpg', '00:03:41', '6866630ef0a8d.mp3'),
(1403113681, 'Natural Desire', 'Dance, Electronic', '2013-09-30', '685ec26b19f6e.jpg', '00:03:50', '685ec26b1a259.mp3'),
(1410832718, 'Ijime, Dame, Zettai', 'Kawaii Metalcore', '2015-05-29', '6865342a5a008.jpg', '00:06:05', '6865342a5a223.mp3'),
(1425146279, 'Rain (feat. Sara Kay)', 'Dubstep', '2011-08-08', '685d645868be3.jpg', '00:04:27', '685d645868dca.mp3'),
(1427712239, 'Parasite Eve', 'Metalcore', '2020-10-30', '6866627c914d4.jpg', '00:04:52', '6866627c91756.mp3'),
(1427933446, 'Fuck This Police', 'Memphis Rap', '2021-03-01', '685d6192d1a95.jpg', '00:03:15', '685d6192d1ce5.mp3'),
(1459535918, 'Loving You Is Easy', 'Dance, Electronic', '2013-09-30', '685ec24c34661.jpg', '00:03:53', '685ec24c34852.mp3'),
(1468396604, 'Void Walker', 'Dance, Electronic', '2019-01-01', '685ed0c938b9c.jpg', '00:04:45', '685ed0c938ea4.mp3'),
(1469907326, 'SPORT', 'Memphis Rap', '2025-04-25', 'folder_1750872223.jpg', '00:01:59', 'Pharmacist, Towa - SPORT_1750872223.mp3'),
(1474962281, 'Headbangeeeeerrrrr!!!!!', 'Kawaii Metalcore', '2015-05-29', '686534084a3c2.jpg', '00:04:00', '686534084a5eb.mp3'),
(1489648141, 'Recrush', 'Electroclash', '1970-01-01', 'folder_1750870498.jpg', '00:02:48', 'akiaura, LONOWN - Recrush_1750870498.mp3'),
(1513957663, 'NICE GUYS WHO DO GOOD THINGS - instrumental', 'Memphis Rap', '2025-04-25', 'folder_1750872047.jpg', '00:02:15', 'Pharmacist - NICE GUYS WHO DO GOOD THINGS - Instrumental_1750872047.mp3'),
(1516375820, 'Darkened Duchess', 'Dance, Electronic', '2019-01-01', '685ed4bfcc20c.jpg', '00:05:12', '685ed4bfcc443.mp3'),
(1530652750, 'Necessary Evil', 'Metalcore', '2025-03-28', '685d5d8552917.jpg', '00:02:56', 'Memphis May Fire - Necessary Evil_1750949253.mp3'),
(1550737992, 'Stay Strange', 'Electroclash', '1970-01-01', 'folder_1750870644.jpg', '00:02:26', 'akiaura, LONOWN, Olya Holiday - Stay Strange_1750870644.mp3'),
(1566994561, 'Gamefire (feat. Mike Diva)', 'Dubstep', '2011-08-08', '685d63d47ed8b.jpg', '00:03:42', '685d63d47efe2.mp3'),
(1629602062, 'Gods of the Artificial', 'Dance, Electronic', '2019-01-01', '685ed565a9a75.jpg', '00:08:50', '685ed565a9df0.mp3'),
(1643456458, 'Never Healing', 'Metalcore', '2024-02-20', '68666dbea79ea.jpg', '00:03:47', '68666dbea7ba2.mp3'),
(1651657533, 'One Day The Only Butterflies Left Will Be In Your Chest As You March Towards Your Death', 'Metalcore', '2020-10-30', '686662c4455c3.jpg', '00:04:03', '686662c4457bc.mp3'),
(1668883695, 'line!', 'Kawaii Metalcore', '2015-05-29', '6865330192110.jpg', '00:04:11', '68653301922b5.mp3'),
(1671382205, 'Golden', 'Metalcore', '2022-10-14', 'folder_1750856727.jpg', '00:03:39', 'We Came As Romans - Golden_1750856727.mp3'),
(1698476567, 'WKND', 'Dance, Electronic', '2013-09-30', '685ec28364bc2.jpg', '00:04:25', '685ec28364e08.mp3'),
(1702152381, 'Helios', 'Dance, Electronic', '2013-09-30', '685ec2c9226e7.jpg', '00:04:33', '685ec2c922921.mp3'),
(1718631442, 'Autobahn Nights', 'Electroclash', '1970-01-01', 'folder_1750870611.jpg', '00:03:34', 'akiaura, LONOWN, Olya Holiday - Autobahn Nights_1750870611.mp3'),
(1725401665, 'Dark Harvest', 'Dance, Electronic', '2019-01-01', '685ed578244f4.jpg', '00:07:54', '685ed5782473d.mp3'),
(1744339559, 'Femme Fatale', 'Dance, Electronic', '2019-01-01', '685ed4868373a.jpg', '00:04:53', '685ed48683989.mp3'),
(1748685410, 'Seen It All Before', 'Metalcore', '2013-04-01', '686665674acae.jpg', '00:04:07', '686665674ae71.mp3'),
(1760821630, 'Make Believe', 'Metalcore', '2022-06-03', '685d5fa180c53.jpg', '00:03:49', '007 - Make Believe_1750949793.mp3'),
(1766624591, 'Somebody', 'Metalcore', '2022-06-03', '685d5f4d71015.jpg', '00:03:20', '003 - Somebody_1750949709.mp3'),
(1772057302, 'Vice', 'Dance, Electronic', '2013-09-30', '685ec233041d9.jpg', '00:05:01', '685ec2330440a.mp3'),
(1774854816, 'Burn', 'Metalcore', '2024-02-20', '68666d06ef55e.jpg', '00:02:58', '68666d06ef710.mp3'),
(1787421645, 'The Black Widow', 'Dance, Electronic', '2019-01-01', '685ed5081f9b9.jpg', '00:04:59', '685ed5081fbdd.mp3'),
(1803927411, 'NICE GUYS WHO DO GOOD THINGS', 'Memphis Rap', '2025-04-25', 'folder_1750872143.jpg', '00:02:15', 'Pharmacist, Apoc Krysis - NICE GUYS WHO DO GOOD THINGS_1750872143.mp3'),
(1812405444, 'Never Enough', 'Metalcore', '2024-02-20', '68666da3ad6bc.jpg', '00:03:04', '68666da3ad8dd.mp3'),
(1834728284, 'Black Hole', 'Metalcore', '2022-10-14', 'folder_1750871086.jpg', '00:02:59', 'We Came As Romans, Caleb Shomo - Black Hole_1750871086.mp3'),
(1868380483, 'Kingslayer', 'Metalcore', '2020-10-30', '686662dec548d.jpg', '00:03:40', '686662dec56c2.mp3'),
(1873777352, 'Ludens', 'Metalcore', '2020-10-30', '6866624ec2485.jpg', '00:04:40', '6866624ec274d.mp3'),
(1876663028, 'Dear Diary', 'Metal', '1980-03-12', 'folder_1750856999.jpg', '00:02:45', 'Bring Me The Horizon - Dear Diary,_1750856999.mp3'),
(1902896246, 'Siren\'s Call', 'Dance, Electronic', '2019-01-01', '685ed4556af5a.jpg', '00:04:45', '685ed4556b360.mp3'),
(1909229744, 'Gimme Chocolate!!', 'Kawaii Metalcore', '2015-05-29', '686532ea89faf.jpg', '00:03:53', '686532ea8a167.mp3'),
(1915135781, 'Overdose', 'Metalcore', '2025-03-28', '685d5e022a06f.jpg', '00:03:08', 'Memphis May Fire, Blindside - Overdose - feat. Blindside_1750949378.mp3'),
(1967971019, 'Uki Uki ★ Midnight', 'Kawaii Metalcore', '2015-05-29', '6865339277978.jpg', '00:03:19', '6865339277b8e.mp3'),
(1974027430, 'Dreamcatcher', 'Dance, Electronic', '2013-09-30', '685ec2b42df28.jpg', '00:04:34', '685ec2b42e184.mp3'),
(1975205658, 'Inner Secret', 'Dance, Electronic', '2013-09-30', '685ec2977cc9e.jpg', '00:02:44', '685ec2977cee7.mp3'),
(2000247808, 'Deathwish', 'Electroclash', '1970-01-01', 'folder_1750870537.jpg', '00:04:48', 'akiaura, LONOWN, Baby Jane - Deathwish_1750870537.mp3'),
(2012269410, 'Hell Is Empty', 'Metalcore', '2025-03-28', '685d5d3ed2d94.jpg', '00:02:58', 'Memphis May Fire - Hell Is Empty_1750949182.mp3'),
(2044472566, 'Demon Eyes', 'Metalcore', '2024-02-20', '68666d7befe68.jpg', '00:02:52', '68666d7bf0136.mp3'),
(2048863377, '1x1', 'Metalcore', '2020-10-30', '686662fc5ae4a.jpg', '00:03:30', '686662fc5b0c7.mp3'),
(2071909473, 'Shapeshifter', 'Metalcore', '2025-03-28', '685d5db37f87d.jpg', '00:03:06', 'Memphis May Fire - Shapeshifter_1750949299.mp3'),
(2088589424, 'The House of Wolves', 'Metalcore', '2013-04-01', '686666403d76a.jpg', '00:03:25', '686666403d98f.mp3'),
(2096802662, 'Push On', 'Memphis Rap', '2021-03-01', '685d6207b396a.jpg', '00:04:08', '685d6207b3c62.mp3'),
(2099263854, 'FEUD', 'Memphis Rap', '2025-04-25', 'folder_1750871972.jpg', '00:01:45', 'Pharmacist - FEUD_1750871972.mp3'),
(2099797338, 'Catch Me If You Can', 'Kawaii Metalcore', '2015-05-29', '686533b472b7d.jpg', '00:03:58', '686533b472e91.mp3'),
(2101949830, 'Infection', 'Metalcore', '2025-03-28', '685d5d5854013.jpg', '00:02:48', 'Memphis May Fire - Infection_1750949208.mp3'),
(2120879114, 'Agony\'s Embrace', 'Dance, Electronic', '2019-01-01', '685ed4efea777.jpg', '00:04:05', '685ed4efea9ca.mp3'),
(2136636596, 'Parasite', 'Metalcore', '2022-09-16', '68666b537abbd.jpg', '00:03:03', '68666b537ad6a.mp3');

CREATE TABLE `user` (
  `userID` int(11) NOT NULL,
  `username` varchar(255) NOT NULL,
  `email` varchar(255) NOT NULL,
  `userPassword` varchar(255) NOT NULL,
  `salt` varchar(255) NOT NULL,
  `isAdmin` tinyint(1) NOT NULL DEFAULT 0,
  `isArtist` tinyint(1) NOT NULL DEFAULT 0,
  `imageName` varchar(255) DEFAULT NULL
) ENGINE=InnoDB DEFAULT CHARSET=utf8mb4 COLLATE=utf8mb4_general_ci;

INSERT INTO `user` (`userID`, `username`, `email`, `userPassword`, `salt`, `isAdmin`, `isArtist`, `imageName`) VALUES
(164085589, 'Caleb Shomo', 'calebshomo@beatstream.com', '5de86f0a02c660c69becddf1397cd33acc4c07026768f705a035a5342d9493ba', 'P$l#0RwVRGBYPRz2', 0, 1, '685bee943d29f.jpg'),
(196994981, 'Apoc Crisis', 'apoccrisis@beatstream.com', 'c8a00eccec6dfdec7fa55898e740c2342c3c30f392cb2ac63ae7fc5504cfaf05', 'C@YDLFHVbBXyhi5-', 0, 1, ''),
(330813407, 'Altruist', 'altruist@beatstream.com', '0e640c7207a49d81cc8ce0ddaa25d680c9dc9be0861bd6fd9d707aeecae23705', 'Cw*,v&amp;(KBP$6CpU&amp;', 0, 1, ''),
(452377540, 'Klaypex', 'klaypex@beatstream.com', '7fdbaf0bd44649aa882280968c312068741026eb088bc5853e84e81e4596a132', 'xI81r2/B?ca&EKg=', 0, 1, '685befcbbe0a8.webp'),
(621945341, '$werve', '$werve@beatstream.com', 'fb22bae7327b9c80c402fd1584637e104669afa415f5cbfbd272decdfb550b11', 'P,n7LiEBlP%)Zihe', 0, 1, '685bef017fcc7.jfif'),
(779155170, 'Zero 9:36', 'zero936@beatstream.com', 'ada5fba1f94729d7739bf8c8b253435c6bc4c1ce265fe08cf5325601b212e6a5', ')$bw8b?)Z5eP6(tA', 0, 1, '685beeafc4d44.webp'),
(813854520, 'Conquer Divide', 'conquerdivide@beatstream.com', '951922bd38b845fa0c3058e01d7e91a83371e33d2ff7a8347a13d6e99ec4b7e7', '$DKVMSstu2$VA,.C', 0, 1, '6866677e1e69b.jpg'),
(935643534, 'Herman Li', 'hermanli@beatstream.com', 'e31de489b80ffeaf80873522b4a859ec1320f752999f126a31d3a16322b9491b', 'v+u4z6z&lt;-tU3:fjs', 0, 1, '68652ef2857d1.jpg'),
(969485237, 'Ian Shaw', 'ianshaw@beatstream.com', '991e674a22b5bf27b0c8e442d5f041dc54fcfdd6b0cce0fd6338b9013d8965fa', 'T@I4g9-eZ#h0ubB,', 0, 1, '685eb61d56ac2.jpg'),
(1073257615, 'Nova Twins', 'novatwins@beatstream.com', '4c18a629d713d036b44d2944f1132ad340be16eb5c585c822cb781ed4c12fcf6', '0!!ZJ!?2bbmCMpF/', 0, 1, '686660b0a28a8.jpeg'),
(1095847301, 'Olya Holiday', 'olyaholiday@beatstream.com', '926c525dfe9bf444de6f9bd29d4b034650d229a347a31f031fa6c6ddaf859fa9', '$hNcsdOht1$84b!;', 0, 1, '685c297543f6d.jpg'),
(1103097431, 'Ghostface Playa', 'ghostfaceplaya@beatstream.com', 'ae33700b188ca86f396823bbe26f3a2f8f5dacb3c4d14d1fa0b817cd69852466', 'BvDVigQH9(;Yqww=', 0, 1, '685bef302403c.jfif'),
(1143029010, 'We Came As Romans', 'wecameasromans@beatstream.com', '3cd31dac964d9da3e800d52134b966e436814ae75fdcfc33e205ba4be6ba561b', 'wQ<DVx28mGtjHf&r', 0, 1, '685bee6b530f3.jpg'),
(1156511436, 'FiNCH', 'finch@beatstream.com', 'e96f3153e0e7d2f9e1562e7d8114f3cfb5690ec7b3e43acdbf212b1fe2965317', 'Mjs1:mGjis$,i?US', 0, 1, '68666790b7f1c.jpg'),
(1266607609, 'Metrik', 'metrik@beatstream.com', '6c391194e17e8bb58bdbd25d3732a68eedd6c12fdb1c0f632ac5b7aa7fd80889', 'E3Rgqv&lt;.Qrxf5fve', 0, 1, '685eb609f3bbb.jpg'),
(1271926637, 'Towa', 'towa@beatstream.com', '345588628da6a1d57c0037522c50ed850a5e11e6d8599a3544d8b9d29bd23f13', '1QxB&C<HE0o?W0Y9', 0, 1, '685bef5287eef.jfif'),
(1354920019, 'Blindside', 'blindside@beatstream.com', '49a42f2d03c6cb2af841322be69f349cf031c813c97c8344d0ec20dbc1dce1f5', 'vsOgwDQxZzA)bo1i', 0, 1, '685bef825a113.jpg'),
(1377223767, 'ENMY', 'enmy@beatstream.com', 'f61c61e14c786855d8ff5f9cdca765b360c0f4bded827f7aab886077f2729d03', 'w4S)DB:KS&bol*Dp', 0, 1, '685bef7c879da.webp'),
(1462147905, 'Lemaitre', 'lemaitre@beatstream.com', 'bd559af07a6aceebd642f4f7c6c518463f677f8679620b2e9c4289e92235bb28', 'ZB*XQEPt61k3h4sx', 0, 1, '685eb63e41abe.jpg'),
(1499462201, 'Bring Me The Horizon', 'bringmethehorizon@beatstream.com', '9ac6b9ace452d92bb3c0b9d62d0ce9c21985eb2fe054d9d1ebb970f09e25365a', 'WqXPf<DCsSj$?wy9', 0, 1, '685bf0f94f9ab.jpg'),
(1526269191, 'Electric Callboy', 'electriccallboy@beatstream.com', '6d11c393eeaa04fd6d420b7284f9ef432efdd1a4ddbacdad2984e85418ce58a6', 'U(<XA/g8K/fbkM<3', 0, 1, '685bef5e336cb.jpg'),
(1548884671, 'Sam Totman', 'samtotman@beatstream.com', '218e787d3a63cd6450c64809403db43efed3042a77b64bc599c5f7fe3346adfe', 'z(LMwvMAG8I:4BM(', 0, 1, '68652f0aaa4c6.jpg'),
(1553281647, 'Pharmacist', 'pharmacist@beatstream.com', '071f1cdebf6e9ed99a2471e283f58a4e036c993a27fdf74aa5f5b476ab3d80a8', 'Q;9zKsFlmx6GJxsc', 0, 1, '685beeebf2002.jfif'),
(1564642731, 'Baby Jane', 'babyjane@beatstream.com', '6ecb6b88a9c2c6cf20967c4a3206cf02ac0bfcded2d039f9bc1c4376df160452', ',U)234x$ph:j%wmX', 0, 1, '685c288c92877.jpg'),
(1579512663, 'YUNGBLUD', 'yungblud@beatstream.com', 'ea50efdd00d57be11254356efaa5e1b395d8f0c6b4ef61fa14af9cd13d44cc13', '1NMc8q+%;VXW(xdG', 0, 1, '686660ff9b23b.jpg'),
(1619437606, 'Camo & Krooked', 'camoandkrooked@beatstream.com', '0509fdfdb2cc39f98f5d59b54e5f5d29f09a4aa666c82602988f7e7a87587387', 'cP!XWZsL@/0Yk,(q', 0, 1, '685eb5fb9c760.jpg'),
(1653533046, 'AJ Channer', 'ajchanner@beatstream.com', '451d44a63a5463e0431528ff1f5dd1a9baf24303a26562cbb2410003d62bb6d3', 'G:g7Q,S0#rS)$Ta5', 0, 1, '685bef96634c2.jpg'),
(1711997645, 'root', 'root@root.root', 'a421fc12fa867397d5ffe9ef03da0356ed5cc850975f0de58ea8b95e82e341f3', 'ddHkq?HD:Sr%J;dg', 1, 0, 'rootuser1750695678.webp'),
(1736983402, 'GHOST DATA', 'ghostdata@beatstream.com', '08558487a31efb860382c4fe11a12bddb56ddb6678277d5739ffda1918c234a3', 'P>G-5jYGWcKr!N/h', 0, 1, '685befa037f47.png'),
(1755109461, 'LONOWN', 'lonown@beatstream.com', 'e9703f3b29236e6d56883724d3a643e1513e7e9e18268b0c2dbf327dda98bede', 'lkKER2)T2&R>0T:7', 0, 1, '685beef2ee242.jfif'),
(1759447542, 'DJ Pointless', 'djpointless@beatstream.com', 'a0ca3c289bbbe0c2a27f440a265e52b071a7acb320a2ce11155308759ce6f0b6', 'w8AjZyEfScvwhmGK', 0, 1, '685c28fbcda18.jpg'),
(1806318134, 'Amy Lee', 'amylee@beatstream.com', '5b7d04d68f426c82f56758134ee0ff2d6fd51fd30baf2b5f8948350aa4e3546c', 'V$ZXgoY3=5(V,o?M', 0, 1, '6866606eea963.jpg'),
(1826670471, 'akiaura', 'akiaura@beatstream.com', '086f9c6d8a0caa0a41b86e60d28b913157af2d9b868629585ddb1447da47d209', 'dReV.&lt;..hHi,R-K)', 0, 1, '685c2799ae08a.webp'),
(1917040665, 'Kingpin skinny pimp', 'kingpinskinnypimp@beatstream.com', '2fbd70c4f2d1cc46e9d5019a4041bdb3a91377c3da082f31e818dc31fa6559ac', 'w*xr0.51qG1AVgl6', 0, 1, '685bef4590232.jfif'),
(1994596577, 'KXLLYXU', 'kxllyxu@beatstream.com', '1618e7a7eed79d5f93f2c68fc46be45254d04cadb8a260d9fb8102aacd1ef956', 'rKLYLt<JE.i-2HWR', 0, 1, '685befb1d6c67.jfif'),
(2021943523, 'BABYMETAL', 'babymetal@beatstream.com', '766fd3ed07f934db7fbdaecdbe0a9e5489476ef321d0e3baf94c64729a41f78c', 'J!&gt;@E12Wzyw#E?Z/', 0, 1, '68652ed9d621d.jpg'),
(2026845397, 'Memphis May Fire', 'memphismayfire@beatstream.com', 'b1235a0219990d7b8e0721dd75519ef0d4d00d8c87b42f34df81711b560ffd87', 'XlK,gT)hcmykDelA', 0, 1, '685bef709faaf.jpg');


ALTER TABLE `album`
  ADD PRIMARY KEY (`albumID`);

ALTER TABLE `artist`
  ADD PRIMARY KEY (`artistID`),
  ADD UNIQUE KEY `name` (`name`),
  ADD KEY `userID` (`userID`);

ALTER TABLE `in_album`
  ADD PRIMARY KEY (`songID`,`albumId`),
  ADD KEY `albumId` (`albumId`);

ALTER TABLE `in_playlist`
  ADD PRIMARY KEY (`songID`,`playlistID`),
  ADD KEY `playlistID` (`playlistID`);

ALTER TABLE `playlist`
  ADD PRIMARY KEY (`playlistID`),
  ADD KEY `creatorID` (`creatorID`);

ALTER TABLE `releases_album`
  ADD PRIMARY KEY (`artistID`,`albumID`),
  ADD KEY `albumID` (`albumID`);

ALTER TABLE `releases_song`
  ADD PRIMARY KEY (`artistID`,`songID`),
  ADD KEY `songID` (`songID`);

ALTER TABLE `song`
  ADD PRIMARY KEY (`songID`);

ALTER TABLE `user`
  ADD PRIMARY KEY (`userID`),
  ADD UNIQUE KEY `username` (`username`),
  ADD UNIQUE KEY `email` (`email`);


ALTER TABLE `artist`
  ADD CONSTRAINT `artist_ibfk_1` FOREIGN KEY (`userID`) REFERENCES `user` (`userID`);

ALTER TABLE `in_album`
  ADD CONSTRAINT `in_album_ibfk_1` FOREIGN KEY (`songID`) REFERENCES `song` (`songID`),
  ADD CONSTRAINT `in_album_ibfk_2` FOREIGN KEY (`albumId`) REFERENCES `album` (`albumID`);

ALTER TABLE `in_playlist`
  ADD CONSTRAINT `in_playlist_ibfk_1` FOREIGN KEY (`songID`) REFERENCES `song` (`songID`),
  ADD CONSTRAINT `in_playlist_ibfk_2` FOREIGN KEY (`playlistID`) REFERENCES `playlist` (`playlistID`);

ALTER TABLE `playlist`
  ADD CONSTRAINT `playlist_ibfk_1` FOREIGN KEY (`creatorID`) REFERENCES `user` (`userID`);

ALTER TABLE `releases_album`
  ADD CONSTRAINT `releases_album_ibfk_1` FOREIGN KEY (`artistID`) REFERENCES `artist` (`artistID`),
  ADD CONSTRAINT `releases_album_ibfk_2` FOREIGN KEY (`albumID`) REFERENCES `album` (`albumID`);

ALTER TABLE `releases_song`
  ADD CONSTRAINT `releases_song_ibfk_1` FOREIGN KEY (`artistID`) REFERENCES `artist` (`artistID`),
  ADD CONSTRAINT `releases_song_ibfk_2` FOREIGN KEY (`songID`) REFERENCES `song` (`songID`);
SET FOREIGN_KEY_CHECKS=1;
COMMIT;

/*!40101 SET CHARACTER_SET_CLIENT=@OLD_CHARACTER_SET_CLIENT */;
/*!40101 SET CHARACTER_SET_RESULTS=@OLD_CHARACTER_SET_RESULTS */;
/*!40101 SET COLLATION_CONNECTION=@OLD_COLLATION_CONNECTION */;
